Concentration,Mean,SE
0.008,0.891953872,0.0666529
0.04,0.659151091,0.036579013
0.2,0.286764952,0.063270531
1,0.114650035,0.055826781
5,0.09982495,0.015753997
