Mean,Cells,SE
297.3428873,120,7.73584786
129.5243558,60,8.489704359
73.29947812,30,3.904036672
40.12676135,15,2.63782324
20.91012465,7.5,2.095278051
11.38584699,3.75,1.188426831
