Item,Values,SE
DMSO,1,0.026189273
NVP-BEZ235,0.707805576,0.026189273
