Concentration,Mean,SE
0,1,0
20,0.902096477,0.011384405
30,0.794635044,0.039531941
40,0.419956905,0.136409848
50,0.108034306,0.036135222
60,0.008412052,0.004258703
